,Open_time,Open,High,Low,Close,Volume,quote_av,trades,tb_base_av,tb_quote_av,Symbol,range,range_shift1,target,Year,Month,Day,ror,enter_price,enter_time,exit_price,exit_time
0,2021-06-01 09:00:00,37253.82,37894.81,35666.0,36693.09,81234.66377,2973928300.375587,1760417,40291.834851,1475008291.2336473,BTCUSDT,1337.2859999999985,,,2021,6,1,,,,,
1,2021-06-02 09:00:00,36694.85,38225.0,35920.0,37568.68,67587.372495,2523462575.6884375,1530915,34328.496287,1281854474.9120827,BTCUSDT,1383.0,1337.2859999999985,38032.136,2021,6,2,0.9936141898524973,38032.136,2021-06-02 23:37:00,37789.27,2021-06-02 23:50:00
2,2021-06-03 09:00:00,37568.68,39476.0,37170.0,39246.79,75889.106011,2930945325.709207,1949658,38664.297849,1493504667.613802,BTCUSDT,1383.6,1383.0,38951.68,2021,6,3,0.9897026264335711,38951.68,2021-06-03 15:41:00,38550.58,2021-06-03 23:50:00
3,2021-06-04 09:00:00,39246.78,39289.07,35555.15,36829.0,91317.799245,3379399754.9305224,1926311,43105.97173,1595098152.9668267,BTCUSDT,2240.351999999999,1383.6,40630.38,2021,6,4,1.0,0.0,,0.0,
4,2021-06-05 09:00:00,36829.15,37925.0,34800.0,35513.2,70459.62149,2560547116.8364058,1463754,34397.77436,1249708171.2723916,BTCUSDT,1875.0,2240.351999999999,39069.502,2021,6,5,1.0,0.0,,0.0,
5,2021-06-06 09:00:00,35516.07,36480.0,35222.0,35796.31,47650.206637,1711857075.0471697,993430,23661.260636,850204250.7625557,BTCUSDT,754.8,1875.0,37391.07,2021,6,6,1.0,0.0,,0.0,
6,2021-06-07 09:00:00,35796.31,36900.0,33300.0,33552.79,77574.952573,2755673601.713914,1532260,36431.560586,1295757611.708646,BTCUSDT,2160.0,754.8,36551.11,2021,6,7,0.9836048754743699,36551.11,2021-06-07 10:46:00,35951.85,2021-06-07 23:50:00
7,2021-06-08 09:00:00,33556.96,34068.01,31000.0,33380.81,123251.189037,4030784324.609684,2074885,60095.990201,1966354847.5691981,BTCUSDT,1840.8060000000012,2160.0,35716.96,2021,6,8,0.8912958997630258,35716.96,2021-06-08 00:00:00,31834.38,2021-06-08 23:50:00
8,2021-06-09 09:00:00,33380.8,37534.79,32396.82,37388.05,136607.597517,4794741674.438823,2601479,68790.289265,2415789675.0859303,BTCUSDT,3082.7820000000006,1840.8060000000012,35221.60600000001,2021,6,9,0.9991304769010247,35221.60600000001,2021-06-09 21:02:00,35190.98,2021-06-09 23:50:00
9,2021-06-10 09:00:00,37388.05,38491.0,35782.0,36675.72,109527.284943,4062957162.3643,2231430,53639.424022,1990486079.2177145,BTCUSDT,1625.3999999999999,3082.7820000000006,40470.832,2021,6,10,1.0,0.0,,0.0,
10,2021-06-11 09:00:00,36677.83,37680.4,35936.77,37331.98,78466.0053,2903043643.310072,1727645,39406.719224,1458619433.2768435,BTCUSDT,1046.1780000000028,1625.3999999999999,38303.23,2021,6,11,1.0,0.0,,0.0,
11,2021-06-12 09:00:00,37331.98,37463.63,34600.36,35546.11,87717.54999,3132387326.5375137,1719650,42571.205313,1520432734.299909,BTCUSDT,1717.961999999998,1046.1780000000028,38378.158,2021,6,12,1.0,0.0,,0.0,
12,2021-06-13 09:00:00,35546.12,39380.0,34757.0,39020.57,86921.025555,3208991521.63768,1894103,45675.273616,1688611358.4117024,BTCUSDT,2773.7999999999997,1717.961999999998,37264.082,2021,6,13,1.0,0.0,,0.0,
13,2021-06-14 09:00:00,39020.56,41064.05,38730.0,40516.29,108522.391949,4320307646.765389,2185089,53645.908744,2135285912.6205053,BTCUSDT,1400.4300000000017,2773.7999999999997,41794.36,2021,6,14,1.0,0.0,,0.0,
14,2021-06-15 09:00:00,40516.28,41330.0,39506.4,40144.04,80679.622838,3247746713.62741,1931890,39428.829726,1587381565.815413,BTCUSDT,1094.1599999999992,1400.4300000000017,41916.71,2021,6,15,1.0,0.0,,0.0,
15,2021-06-16 09:00:00,40143.8,40527.14,38116.01,38349.01,87771.976937,3450556041.6005836,2134897,42137.242251,1657135674.8230214,BTCUSDT,1446.6779999999983,1094.1599999999992,41237.96,2021,6,16,0.9474185919963064,41237.96,2021-06-16 03:01:00,39069.61,2021-06-16 23:50:00
16,2021-06-17 09:00:00,38349.0,39559.88,37365.0,38092.97,79541.307119,3065622530.039886,1620210,37936.812673,1462729677.1158257,BTCUSDT,1316.9279999999983,1446.6779999999983,39795.678,2021,6,17,1.0,0.0,,0.0,
17,2021-06-18 09:00:00,38092.97,38202.84,35129.29,35819.84,95228.042935,3507868126.3062024,1809253,44824.436567,1651613641.3868167,BTCUSDT,1844.1299999999974,1316.9279999999983,39409.898,2021,6,18,1.0,0.0,,0.0,
18,2021-06-19 09:00:00,35820.48,36457.0,34803.52,35483.72,68712.449461,2453817534.777169,1212278,33788.293345,1207082481.7647178,BTCUSDT,992.0880000000019,1844.1299999999974,37664.61,2021,6,19,1.0,0.0,,0.0,
19,2021-06-20 09:00:00,35483.72,36137.72,33336.0,35600.16,89878.17085,3124634336.8407607,1691871,44194.067387,1537385055.4929118,BTCUSDT,1681.0320000000006,992.0880000000019,36475.808000000005,2021,6,20,1.0,0.0,,0.0,
20,2021-06-21 09:00:00,35600.17,35750.0,31251.23,31608.93,168778.873159,5545926077.788067,2688993,81297.469751,2671033140.1889787,BTCUSDT,2699.262,1681.0320000000006,37281.202,2021,6,21,1.0,0.0,,0.0,
21,2021-06-22 09:00:00,31614.12,33298.78,28805.0,32509.56,204208.179762,6406159197.076789,3113977,99149.182266,3115465362.9670815,BTCUSDT,2696.267999999999,2699.262,34313.382,2021,6,22,1.0,0.0,,0.0,
22,2021-06-23 09:00:00,32509.56,34881.0,31683.0,33678.07,126966.100563,4282250433.919445,2026228,63340.033137,2136458765.586804,BTCUSDT,1918.8,2696.267999999999,35205.828,2021,6,23,1.0,0.0,,0.0,
23,2021-06-24 09:00:00,33675.07,35298.0,32286.57,34663.09,86625.80426,2925373222.105977,1531230,43994.708298,1486960778.326773,BTCUSDT,1806.8580000000002,1918.8,35593.87,2021,6,24,1.0,0.0,,0.0,
24,2021-06-25 09:00:00,34663.08,35500.0,31275.0,31584.45,116061.130356,3846120542.6572967,2094932,55656.156252,1846078278.3047829,BTCUSDT,2535.0,1806.8580000000002,36469.938,2021,6,25,1.0,0.0,,0.0,
25,2021-06-26 09:00:00,31576.09,32730.0,30151.0,32283.65,107820.375287,3376415451.793124,1814051,52978.159256,1659918820.240478,BTCUSDT,1547.3999999999999,2535.0,34111.09,2021,6,26,1.0,0.0,,0.0,
26,2021-06-27 09:00:00,32283.65,34749.0,31973.45,34700.34,96613.244211,3199980157.7503333,1799875,48772.52918,1616348030.4826243,BTCUSDT,1665.3299999999995,1547.3999999999999,33831.05,2021,6,27,1.0,0.0,,0.0,
27,2021-06-28 09:00:00,34702.49,35297.71,33862.72,34494.89,82222.267819,2837122779.5244017,1868627,40552.29218,1399861431.1646347,BTCUSDT,860.9939999999988,1665.3299999999995,36367.82,2021,6,28,1.0,0.0,,0.0,
28,2021-06-29 09:00:00,34494.89,36600.0,34225.43,35911.73,90788.79622,3233947791.8633885,1673802,45376.587629,1616093004.8521647,BTCUSDT,1424.7419999999997,860.9939999999988,35355.884,2021,6,29,1.0265609537580789,35355.884,2021-06-29 15:55:00,36294.97,2021-06-29 23:50:00
29,2021-06-30 09:00:00,35911.72,36100.0,34017.55,35045.0,77152.197634,2688939291.095673,1301036,37035.769674,1290873346.2241623,BTCUSDT,1249.4699999999982,1424.7419999999997,37336.462,2021,6,30,1.0,0.0,,0.0,
30,2021-07-01 09:00:00,35045.0,35057.57,32711.0,33504.69,71708.266112,2410809595.390457,1240681,34986.055016,1176002216.565681,BTCUSDT,1407.9419999999998,1249.4699999999982,36294.47,2021,7,1,,,,,
31,2021-07-02 09:00:00,33502.33,33977.04,32699.0,33786.55,56172.181378,1870193042.393537,1176457,27271.658005,908203511.3411496,BTCUSDT,766.8240000000005,1407.9419999999998,34910.272000000004,2021,7,2,1.0,0.0,,0.0,
32,2021-07-03 09:00:00,33786.54,34945.61,33316.73,34669.13,43044.578641,1478423023.503483,1078278,21331.875045,732586226.4725718,BTCUSDT,977.3279999999984,766.8240000000005,34553.364,2021,7,3,1.0020598862675136,34553.364,2021-07-03 16:55:00,34624.54,2021-07-03 23:50:00
33,2021-07-04 09:00:00,34669.12,35967.85,34357.15,35286.51,43703.475789,1544458212.3926332,1164970,21180.335069,748187394.2395809,BTCUSDT,966.4199999999983,977.3279999999984,35646.448000000004,2021,7,4,0.9941804019295274,35646.448000000004,2021-07-04 16:53:00,35439.0,2021-07-04 23:50:00
34,2021-07-05 09:00:00,35288.13,35293.78,33125.55,33690.14,64123.874245,2183406257.4938293,1109367,31489.855372,1071967415.425311,BTCUSDT,1300.9379999999976,966.4199999999983,36254.549999999996,2021,7,5,1.0,0.0,,0.0,
35,2021-07-06 09:00:00,33690.15,35118.88,33532.0,34220.01,58210.596349,1991691100.9482658,1184687,27801.954493,951269024.0379497,BTCUSDT,952.1279999999983,1300.9379999999976,34991.087999999996,2021,7,6,0.9766003846465134,34991.087999999996,2021-07-06 17:58:00,34172.31,2021-07-06 23:50:00
36,2021-07-07 09:00:00,34220.02,35059.09,33777.77,33862.12,53807.521675,1857658028.480804,1041416,27294.923927,941984587.9756222,BTCUSDT,768.7919999999998,952.1279999999983,35172.147999999994,2021,7,7,1.0,0.0,,0.0,
37,2021-07-08 09:00:00,33862.11,33929.64,32077.0,32875.71,70136.48032,2304973020.298715,1257892,35104.655225,1152928339.821843,BTCUSDT,1111.5839999999996,768.7919999999998,34630.902,2021,7,8,0.94222322017486,34630.902,2021-07-08 00:00:00,32630.04,2021-07-08 23:50:00
38,2021-07-09 09:00:00,32875.71,34100.0,32261.07,33815.81,47153.939899,1562958239.3913763,1236351,23660.068601,784288611.1325287,BTCUSDT,1103.3580000000002,1111.5839999999996,33987.294,2021,7,9,1.0,0.0,,0.0,
39,2021-07-10 09:00:00,33815.81,34262.0,33004.78,33502.87,34761.175468,1171790111.0829954,865508,17012.759197,573638406.5470238,BTCUSDT,754.3320000000007,1103.3580000000002,34919.168,2021,7,10,1.0,0.0,,0.0,
40,2021-07-11 09:00:00,33502.87,34666.0,33306.47,34258.99,31572.647448,1070033013.1920449,952891,16434.537508,557336788.6966077,BTCUSDT,815.7179999999993,754.3320000000007,34257.202000000005,2021,7,11,1.0,0.0,,0.0,
41,2021-07-12 09:00:00,34259.0,34678.43,32658.34,33086.63,48181.403762,1620646741.3349633,1176847,22602.907306,759877911.0350466,BTCUSDT,1212.054,815.7179999999993,35074.718,2021,7,12,1.0,0.0,,0.0,
42,2021-07-13 09:00:00,33086.94,33340.0,32202.25,32729.77,41126.361008,1348583017.010343,956053,19588.278507,642576716.6041436,BTCUSDT,682.65,1212.054,34298.994000000006,2021,7,13,1.0,0.0,,0.0,
43,2021-07-14 09:00:00,32729.12,33114.03,31550.0,32820.02,46777.823484,1515692074.9875476,1123129,22516.485719,730009068.0708964,BTCUSDT,938.4179999999992,682.65,33411.77,2021,7,14,1.0,0.0,,0.0,
44,2021-07-15 09:00:00,32820.03,33185.25,31133.0,31880.0,51639.576353,1652077965.43656,1099367,24866.405787,795831015.696149,BTCUSDT,1231.35,938.4179999999992,33758.448,2021,7,15,1.0,0.0,,0.0,
45,2021-07-16 09:00:00,31874.49,32249.18,31020.0,31383.87,48499.864154,1538342711.5796566,1067591,23963.744568,760274744.5520707,BTCUSDT,737.5080000000002,1231.35,33105.840000000004,2021,7,16,1.0,0.0,,0.0,
46,2021-07-17 09:00:00,31383.86,31955.92,31164.31,31520.07,34012.242132,1072815966.3363075,883442,16649.051308,525240023.82137984,BTCUSDT,474.96599999999813,737.5080000000002,32121.368000000002,2021,7,17,0.9856619431650607,32121.368000000002,2021-07-17 00:45:00,31660.81,2021-07-17 23:50:00
47,2021-07-18 09:00:00,31520.07,32435.0,31108.97,31778.56,35923.716186,1140964365.6466014,760979,17554.182653,557709781.1191803,BTCUSDT,795.6179999999993,474.96599999999813,31995.035999999996,2021,7,18,0.979010306473792,31995.035999999996,2021-07-18 09:55:00,31323.47,2021-07-18 23:50:00
48,2021-07-19 09:00:00,31778.57,31899.0,30407.44,30839.65,47340.468499,1470563281.936503,846029,22709.510045,705480091.1446748,BTCUSDT,894.9360000000007,795.6179999999993,32574.188,2021,7,19,1.0,0.0,,0.0,
49,2021-07-20 09:00:00,30839.65,31063.07,29278.0,29790.35,61034.049017,1821230700.020391,1062139,28424.82505,847855259.1399382,BTCUSDT,1071.0419999999997,894.9360000000007,31734.586000000003,2021,7,20,1.0,0.0,,0.0,
50,2021-07-21 09:00:00,29790.34,32858.0,29482.61,32144.51,82796.265128,2603140706.0822244,1415058,42584.672219,1338356405.5419319,BTCUSDT,2025.2339999999995,1071.0419999999997,30861.382,2021,7,21,1.0304810717809072,30861.382,2021-07-21 14:39:00,31802.07,2021-07-21 23:50:00
51,2021-07-22 09:00:00,32144.51,32591.35,31708.0,32287.83,46148.092433,1482763544.9505365,1000742,23274.512805,747848528.8767201,BTCUSDT,530.0099999999991,2025.2339999999995,34169.744,2021,7,22,1.0,0.0,,0.0,
52,2021-07-23 09:00:00,32287.58,33650.0,31924.32,33634.09,50112.863626,1631947003.0730467,1394786,25018.977079,815391041.1933738,BTCUSDT,1035.4080000000001,530.0099999999991,32817.590000000004,2021,7,23,0.989530309812512,32817.590000000004,2021-07-23 14:34:00,32474.0,2021-07-23 23:50:00
53,2021-07-24 09:00:00,33634.1,34500.0,33401.14,34258.14,47977.550138,1625046258.4365523,1196914,23937.617814,810983258.0424594,BTCUSDT,659.3160000000004,1035.4080000000001,34669.508,2021,7,24,1.0,0.0,,0.0,
54,2021-07-25 09:00:00,34261.51,35398.0,33851.12,35381.02,47852.928313,1646935552.8055446,1245775,24632.1493,848320775.42419,BTCUSDT,928.1279999999983,659.3160000000004,34920.826,2021,7,25,1.0,0.0,,0.0,
55,2021-07-26 09:00:00,35381.02,40550.0,35205.78,37237.6,152452.512724,5832475057.065677,3330102,77191.346075,2953296773.15355,BTCUSDT,3206.5320000000006,928.1279999999983,36309.147999999994,2021,7,26,1.033486106586693,36309.147999999994,2021-07-26 09:54:00,37525.0,2021-07-26 10:01:00
56,2021-07-27 09:00:00,37241.33,39542.61,36383.0,39457.87,88397.267015,3335658261.995547,1938478,45137.303439,1703810516.3378596,BTCUSDT,1895.7660000000003,3206.5320000000006,40447.862,2021,7,27,0.9409374962760703,40447.862,2021-07-27 04:22:00,38058.91,2021-07-27 23:50:00
57,2021-07-28 09:00:00,39456.61,40900.0,38772.0,40019.56,101344.528441,4040889461.6615276,2631048,49019.136276,1954994215.0046122,BTCUSDT,1276.8,1895.7660000000003,41352.376000000004,2021,7,28,1.0,0.0,,0.0,
58,2021-07-29 09:00:00,40019.57,40640.0,39200.0,40016.48,53998.439283,2154190697.3453183,1428738,26700.926244,1065505374.5052506,BTCUSDT,864.0,1276.8,41296.37,2021,7,29,1.0,0.0,,0.0,
59,2021-07-30 09:00:00,40018.49,42316.71,38313.23,42206.37,73602.784805,2939833541.3815365,1797012,37730.426862,1509172746.2039788,BTCUSDT,2402.0879999999975,864.0,40882.49,2021,7,30,1.0,0.0,,0.0,
60,2021-07-31 09:00:00,42206.36,42448.0,41000.15,41461.83,44849.791012,1868285510.8846788,1565380,22844.24505,951887855.6214969,BTCUSDT,868.7099999999991,2402.0879999999975,44608.448,2021,7,31,1.0,0.0,,0.0,
61,2021-08-01 09:00:00,41461.84,42599.0,39422.01,39845.44,53953.186326,2227567271.4878654,1603964,25796.753795,1066579608.8398235,BTCUSDT,1906.1939999999986,868.7099999999991,42330.549999999996,2021,8,1,,,,,
62,2021-08-02 09:00:00,39850.27,40480.01,38690.0,39147.82,50837.351954,2010928003.5944088,1162878,24558.005343,971596720.9467593,BTCUSDT,1074.0060000000012,1906.1939999999986,41756.46399999999,2021,8,2,1.0,0.0,,0.0,
63,2021-08-03 09:00:00,39146.86,39780.0,37642.03,38207.05,57117.435853,2195360658.567329,1379871,27683.466598,1064118781.8498573,BTCUSDT,1282.7820000000006,1074.0060000000012,40220.866,2021,8,3,1.0,0.0,,0.0,
64,2021-08-04 09:00:00,38207.04,39969.66,37508.56,39723.18,52329.35243,2028792778.1848047,1220555,26804.211169,1039347051.5555266,BTCUSDT,1476.6600000000035,1282.7820000000006,39489.822,2021,8,4,1.0,0.0,,0.0,
65,2021-08-05 09:00:00,39723.17,41350.0,37332.7,40862.46,84343.755621,3314527738.339733,1913281,41673.129081,1638359889.802016,BTCUSDT,2410.3800000000015,1476.6600000000035,41199.83,2021,8,5,1.0,0.0,,0.0,
66,2021-08-06 09:00:00,40862.46,43392.43,39853.86,42836.87,75753.941347,3148022459.9161587,2223356,38278.004758,1591634314.1008012,BTCUSDT,2123.142,2410.3800000000015,43272.840000000004,2021,8,6,1.0,0.0,,0.0,
67,2021-08-07 09:00:00,42836.87,44700.0,42446.41,44572.54,73396.740808,3197407326.036793,2258213,37355.623845,1627865923.8789735,BTCUSDT,1352.153999999998,2123.142,44960.012,2021,8,7,1.0,0.0,,0.0,
68,2021-08-08 09:00:00,44572.54,45310.0,43261.0,43794.37,69329.092698,3074924734.87934,1857112,34099.15066,1512451140.3989158,BTCUSDT,1229.3999999999999,1352.153999999998,45924.693999999996,2021,8,8,1.0,0.0,,0.0,
69,2021-08-09 09:00:00,43794.36,46454.15,42779.0,46253.4,74587.884845,3362870286.258118,2130595,38464.60543,1735618666.8181322,BTCUSDT,2205.0900000000006,1229.3999999999999,45023.76,2021,8,9,1.0135523998884144,45023.76,2021-08-09 19:03:00,45633.94,2021-08-09 23:50:00
70,2021-08-10 09:00:00,46248.87,46700.0,44589.46,45584.99,53814.643421,2452485823.9336543,1951330,26592.369314,1212338434.7318356,BTCUSDT,1266.3240000000005,2205.0900000000006,48453.96000000001,2021,8,10,1.0,0.0,,0.0,
71,2021-08-11 09:00:00,45585.0,46743.47,45341.14,45511.0,52734.901977,2432788769.8326964,1862925,27064.393843,1248929298.8285875,BTCUSDT,841.398000000001,1266.3240000000005,46851.324,2021,8,11,1.0,0.0,,0.0,
72,2021-08-12 09:00:00,45510.67,46218.12,43770.0,44399.0,55266.108781,2478758524.8641763,1623329,26765.08804,1200329050.573911,BTCUSDT,1468.8720000000014,841.398000000001,46352.068,2021,8,12,0.9516457820177516,46352.068,2021-08-12 00:00:00,44110.75,2021-08-12 23:50:00
73,2021-08-13 09:00:00,44400.06,47886.0,44217.39,47800.0,48239.370431,2239435701.1177917,1804716,25367.988236,1177391788.09299,BTCUSDT,2201.166,1468.8720000000014,45868.932,2021,8,13,1.0140587097166334,45868.932,2021-08-13 15:43:00,46513.79,2021-08-13 23:50:00
74,2021-08-14 09:00:00,47799.99,48144.0,45971.03,47068.51,46114.359022,2166461458.668249,1849556,22999.528519,1080741765.6874592,BTCUSDT,1303.7820000000006,2201.166,50001.155999999995,2021,8,14,1.0,0.0,,0.0,
75,2021-08-15 09:00:00,47068.5,47372.27,45500.0,46973.82,42110.711334,1950753713.2121248,1580122,21129.919776,979120004.2028339,BTCUSDT,1123.361999999998,1303.7820000000006,48372.282,2021,8,15,1.0,0.0,,0.0,
76,2021-08-16 09:00:00,46973.82,48053.83,45660.0,45901.29,52480.574014,2462127629.6090236,1655378,25847.872438,1213162181.6654189,BTCUSDT,1436.298000000001,1123.361999999998,48097.182,2021,8,16,1.0,0.0,,0.0,
77,2021-08-17 09:00:00,45901.3,47160.0,44376.0,44695.95,57039.341629,2616339597.9157424,1781303,27320.261808,1253906922.5820968,BTCUSDT,1670.3999999999999,1436.298000000001,47337.598000000005,2021,8,17,1.0,0.0,,0.0,
78,2021-08-18 09:00:00,44695.95,46000.0,44203.28,44705.29,54099.415985,2439673265.947117,1656723,28538.223727,1286718404.7064972,BTCUSDT,1078.0320000000006,1670.3999999999999,46366.35,2021,8,18,1.0,0.0,,0.0,
79,2021-08-19 09:00:00,44699.37,47033.0,43927.7,46760.62,53411.75392,2416320067.133769,1774382,27193.50515,1230827552.4101412,BTCUSDT,1863.1800000000017,1078.0320000000006,45777.402,2021,8,19,0.9900745350293142,45777.402,2021-08-19 00:47:00,45323.04,2021-08-19 23:50:00
80,2021-08-20 09:00:00,46760.62,49382.99,46622.99,49322.47,56850.352228,2721131744.2778172,1950404,29725.885112,1422944576.3472955,BTCUSDT,1656.0,1863.1800000000017,48623.8,2021,8,20,1.0,0.0,,0.0,
81,2021-08-21 09:00:00,49322.47,49757.04,48222.0,48821.87,46745.136584,2290966131.376161,2069725,23119.673786,1133342367.7445276,BTCUSDT,921.0240000000005,1656.0,50978.47,2021,8,21,1.0,0.0,,0.0,
82,2021-08-22 09:00:00,48821.88,49500.0,48050.0,49239.22,37007.887795,1807169840.1691713,1610192,18587.877552,907708162.1109709,BTCUSDT,870.0,921.0240000000005,49742.903999999995,2021,8,22,0.9742091052826349,49742.903999999995,2021-08-22 02:52:00,48459.99,2021-08-22 23:50:00
83,2021-08-23 09:00:00,49239.22,50500.0,49029.0,49488.85,52462.541954,2616721363.685172,2143309,26218.97512,1307817635.390983,BTCUSDT,882.6,870.0,50109.22,2021,8,23,0.9939965140147861,50109.22,2021-08-23 11:51:00,49808.39,2021-08-23 23:50:00
84,2021-08-24 09:00:00,49488.85,49860.0,47600.0,47674.01,51014.594748,2486079315.5644236,1692896,24702.923443,1203899649.6998262,BTCUSDT,1356.0,882.6,50371.45,2021,8,24,1.0,0.0,,0.0,
85,2021-08-25 09:00:00,47674.01,49264.3,47126.28,48973.32,44655.830342,2149442271.5264206,1559186,21796.877672,1049712097.3482182,BTCUSDT,1282.8120000000024,1356.0,49030.01,2021,8,25,1.0,0.0,,0.0,
86,2021-08-26 09:00:00,48973.32,49352.84,46250.0,46843.87,49371.277774,2333900030.229628,1532753,23686.563496,1120008931.619874,BTCUSDT,1861.703999999998,1282.8120000000024,50256.132000000005,2021,8,26,1.0,0.0,,0.0,
87,2021-08-27 09:00:00,46843.86,49149.93,46348.0,49069.9,42068.104965,2007071230.219995,1320503,21727.05079,1036769755.559603,BTCUSDT,1681.1580000000001,1861.703999999998,48705.564,2021,8,27,1.0,0.0,,0.0,
88,2021-08-28 09:00:00,49069.9,49299.0,48346.88,48895.35,26681.063786,1303966035.7705495,793012,13895.763677,679193791.5995204,BTCUSDT,571.2720000000015,1681.1580000000001,50751.058000000005,2021,8,28,1.0,0.0,,0.0,
89,2021-08-29 09:00:00,48895.35,49632.27,47762.54,48767.83,32652.283473,1588661416.3603797,1193046,16157.043096,786599088.6916698,BTCUSDT,1121.8379999999975,571.2720000000015,49466.622,2021,8,29,0.9776000067277688,49466.622,2021-08-29 09:51:00,48358.57,2021-08-29 23:50:00
90,2021-08-30 09:00:00,48767.84,48888.61,46853.0,46982.91,40288.35083,1932344430.923926,1204012,19637.84056,942218565.0215595,BTCUSDT,1221.3660000000002,1121.8379999999975,49889.67799999999,2021,8,30,1.0,0.0,,0.0,
91,2021-08-31 09:00:00,46982.91,48246.11,46700.0,47100.89,48645.52737,2303799571.3822727,1300400,24426.21235,1156878830.6908386,BTCUSDT,927.6660000000003,1221.3660000000002,48204.276000000005,2021,8,31,0.9856965801125194,48204.276000000005,2021-08-31 02:56:00,47514.79,2021-08-31 23:50:00
92,2021-09-01 09:00:00,47100.89,49156.0,46512.0,48810.52,49904.65528,2386074445.415852,1280384,25102.36864,1200480555.049387,BTCUSDT,1586.3999999999999,927.6660000000003,48028.556,2021,9,1,,,,,
93,2021-09-02 09:00:00,48810.51,50450.13,48584.06,49246.64,54410.770538,2704192314.674689,1549849,28351.807225,1409412062.219681,BTCUSDT,1119.6419999999998,1586.3999999999999,50396.91,2021,9,2,0.9863249552403114,50396.91,2021-09-02 16:28:00,49707.73,2021-09-02 23:50:00
94,2021-09-03 09:00:00,49246.63,51000.0,48316.84,49999.14,59025.644157,2949574478.071738,1645163,29625.443383,1481238133.394633,BTCUSDT,1609.896000000002,1119.6419999999998,50366.272,2021,9,3,1.0022528568324454,50366.272,2021-09-03 19:42:00,50479.74,2021-09-03 23:50:00
95,2021-09-04 09:00:00,49998.0,50535.69,49370.0,49915.64,34664.65959,1733527136.4442587,1225830,16739.70385,837225473.735276,BTCUSDT,699.4140000000014,1609.896000000002,51607.896,2021,9,4,1.0,0.0,,0.0,
96,2021-09-05 09:00:00,49917.54,51900.0,49450.0,51756.88,40544.835873,2049212025.844659,1417660,21557.235864,1090239906.6856637,BTCUSDT,1470.0,699.4140000000014,50616.954000000005,2021,9,5,1.0,0.0,,0.0,
97,2021-09-06 09:00:00,51756.88,52780.0,50969.33,52663.9,49249.667081,2549290983.0568776,1678015,24620.352525,1274643403.547947,BTCUSDT,1086.401999999999,1470.0,53226.88,2021,9,6,1.0,0.0,,0.0,
98,2021-09-07 09:00:00,52666.2,52920.0,42843.05,46863.73,123048.802719,6004105772.870442,3321711,57935.601976,2832268574.038726,BTCUSDT,6046.169999999998,1086.401999999999,53752.602,2021,9,7,1.0,0.0,,0.0,
99,2021-09-08 09:00:00,46868.57,47340.99,44412.02,46048.31,65069.3152,3000605793.9389606,1796101,31796.7476,1466544608.2678735,BTCUSDT,1757.3820000000007,6046.169999999998,52914.74,2021,9,8,1.0,0.0,,0.0,
100,2021-09-09 09:00:00,46048.31,47399.97,45513.08,46395.14,50651.66002,2351862983.5182414,1567586,24183.38803,1122994690.9093316,BTCUSDT,1132.1339999999996,1757.3820000000007,47805.691999999995,2021,9,9,1.0,0.0,,0.0,
101,2021-09-10 09:00:00,46395.14,47033.0,44132.29,44850.91,49048.26618,2243698626.0395164,1569941,24358.59799,1114490733.8792434,BTCUSDT,1740.4259999999995,1132.1339999999996,47527.274,2021,9,10,1.0,0.0,,0.0,
102,2021-09-11 09:00:00,44842.2,45987.93,44722.22,45173.69,30440.4081,1380370764.0127168,1060890,14804.3426,671123069.5623685,BTCUSDT,759.4259999999995,1740.4259999999995,46582.626,2021,9,11,1.0,0.0,,0.0,
103,2021-09-12 09:00:00,45173.68,46460.0,44742.06,46025.24,32094.28052,1464780920.2199812,1179808,15735.45104,718436012.7588656,BTCUSDT,1030.7640000000013,759.4259999999995,45933.106,2021,9,12,0.9997275167936607,45933.106,2021-09-12 01:37:00,45920.59,2021-09-12 23:50:00
104,2021-09-13 09:00:00,46025.23,46880.0,43370.0,44940.73,65429.15056,2930668118.2616343,1703512,32041.05972,1435586958.7798681,BTCUSDT,2106.0,1030.7640000000013,47055.994000000006,2021,9,13,1.0,0.0,,0.0,
105,2021-09-14 09:00:00,44940.72,47250.0,44594.44,47111.52,44855.85099,2072259519.0619197,1210258,22182.46649,1025156547.7189184,BTCUSDT,1593.3359999999986,2106.0,47046.72,2021,9,14,1.0,0.0,,0.0,
106,2021-09-15 09:00:00,47103.28,48500.0,46682.32,48121.41,43204.71174,2056996398.8439617,1176050,20903.53535,995198313.7474111,BTCUSDT,1090.6080000000002,1593.3359999999986,48696.615999999995,2021,9,15,1.0,0.0,,0.0,
107,2021-09-16 09:00:00,48121.4,48557.0,47021.1,47737.82,40725.08895,1948447232.9107177,1176129,19907.79151,952502982.8119017,BTCUSDT,921.5400000000009,1090.6080000000002,49212.008,2021,9,16,1.0,0.0,,0.0,
108,2021-09-17 09:00:00,47737.81,48150.0,46699.56,47299.98,34461.92776,1637122049.4128377,1033968,16599.46162,788563444.4133477,BTCUSDT,870.2640000000014,921.5400000000009,48659.35,2021,9,17,1.0,0.0,,0.0,
109,2021-09-18 09:00:00,47299.98,48843.2,47035.56,48292.74,30906.47038,1491461627.9514225,976346,15219.90487,734476256.0995072,BTCUSDT,1084.5839999999996,870.2640000000014,48170.244000000006,2021,9,18,1.0051738579526397,48170.244000000006,2021-09-18 13:31:00,48419.47,2021-09-18 23:50:00
110,2021-09-19 09:00:00,48292.75,48372.83,46829.18,47241.75,29847.24349,1421642879.4932063,909785,14346.79979,683249734.0721828,BTCUSDT,926.1900000000009,1084.5839999999996,49377.334,2021,9,19,1.0,0.0,,0.0,
111,2021-09-20 09:00:00,47241.75,47347.25,42500.0,43015.62,78003.524443,3457139274.300071,1842231,36108.362951,1600107748.5660272,BTCUSDT,2908.35,926.1900000000009,48167.94,2021,9,20,1.0,0.0,,0.0,
112,2021-09-21 09:00:00,43016.64,43639.0,39600.0,40734.38,84534.080485,3551997786.6903553,1820721,38942.74356,1637800328.5038831,BTCUSDT,2423.4,2908.35,45924.99,2021,9,21,1.0,0.0,,0.0,
113,2021-09-22 09:00:00,40734.09,44000.55,40565.39,43543.61,58349.05542,2482639471.907596,1304011,29321.5066,1248027083.190341,BTCUSDT,2061.096000000002,2423.4,43157.49,2021,9,22,0.9834686864319496,43157.49,2021-09-22 00:35:00,42444.04,2021-09-22 23:50:00
114,2021-09-23 09:00:00,43546.37,44978.0,43069.09,44865.26,48699.57655,2147211305.482089,1196106,24503.00365,1080404499.5649571,BTCUSDT,1145.346000000002,2061.096000000002,45607.46600000001,2021,9,23,1.0,0.0,,0.0,
115,2021-09-24 09:00:00,44865.26,45200.0,40675.0,42810.57,84113.426292,3596718231.0505486,1819744,41952.776582,1794510963.7797813,BTCUSDT,2715.0,1145.346000000002,46010.60600000001,2021,9,24,1.0,0.0,,0.0,
116,2021-09-25 09:00:00,42810.58,42966.84,41646.28,42670.64,33594.57189,1428238748.2095258,949787,16555.7295,703947971.383276,BTCUSDT,792.3359999999985,2715.0,45525.58,2021,9,25,1.0,0.0,,0.0,
117,2021-09-26 09:00:00,42670.63,43950.0,40750.0,43160.9,49879.99765,2124657079.2797766,1374145,24762.74447,1055225792.1285858,BTCUSDT,1920.0,792.3359999999985,43462.96599999999,2021,9,26,0.9942897132238975,43462.96599999999,2021-09-26 18:47:00,43214.78,2021-09-26 23:50:00
118,2021-09-27 09:00:00,43160.9,44350.0,42098.0,42147.35,39776.84383,1728912299.8034244,1001487,19307.85346,839585982.3907081,BTCUSDT,1351.2,1920.0,45080.9,2021,9,27,1.0,0.0,,0.0,
119,2021-09-28 09:00:00,42147.35,42787.38,40888.0,41026.54,43372.2624,1816305387.8388581,1045389,20710.0903,867306872.2124455,BTCUSDT,1139.6279999999983,1351.2,43498.549999999996,2021,9,28,1.0,0.0,,0.0,
120,2021-09-29 09:00:00,41025.01,42590.0,40753.88,41524.28,33511.53487,1399625476.0563762,884909,16338.4266,682466342.7870586,BTCUSDT,1101.6720000000016,1139.6279999999983,42164.638,2021,9,29,1.0001274053390428,42164.638,2021-09-29 12:48:00,42170.01,2021-09-29 23:50:00
121,2021-09-30 09:00:00,41524.29,44141.37,41410.17,43824.1,46381.22781,2005486003.5646772,1197815,23348.93974,1009687948.2258337,BTCUSDT,1638.7200000000025,1101.6720000000016,42625.962,2021,9,30,1.0118026192581882,42625.962,2021-09-30 10:10:00,43129.06,2021-09-30 23:50:00
122,2021-10-01 09:00:00,43820.01,48495.0,43283.03,48141.61,66244.87492,3076094886.592474,1771237,34156.88321,1585411525.337827,BTCUSDT,3127.1820000000007,1638.7200000000025,45458.73,2021,10,1,,,,,
123,2021-10-02 09:00:00,48141.6,48336.59,47430.18,47634.9,30508.98131,1459064880.5324447,996116,15180.50362,726007609.1562026,BTCUSDT,543.8459999999977,3127.1820000000007,51268.782,2021,10,2,1.0,0.0,,0.0,
124,2021-10-03 09:00:00,47634.89,49228.08,47088.0,48200.01,30825.05601,1482764462.1905775,1114294,15426.81514,742443046.4075491,BTCUSDT,1284.048000000001,543.8459999999977,48178.736,2021,10,3,0.9962083687708204,48178.736,2021-10-03 04:33:00,47996.06,2021-10-03 23:50:00
125,2021-10-04 09:00:00,48200.01,49536.12,46891.0,49224.94,46796.49372,2258464361.1263566,1437692,23032.4914,1112232800.7886517,BTCUSDT,1587.0720000000015,1284.048000000001,49484.058000000005,2021,10,4,1.0,0.0,,0.0,
126,2021-10-05 09:00:00,49224.93,51886.3,49022.4,51471.99,52125.66793,2618101829.0177226,1641651,26687.41046,1341045872.9987288,BTCUSDT,1718.3400000000008,1587.0720000000015,50812.002,2021,10,5,1.0,0.0,,0.0,
127,2021-10-06 09:00:00,51471.99,55750.0,50382.41,55315.0,79877.545181,4236927265.381522,2443126,40664.027517,2158326113.6632404,BTCUSDT,3220.553999999998,1718.3400000000008,53190.33,2021,10,6,1.0204362334281436,53190.33,2021-10-06 22:11:00,54277.34,2021-10-06 23:50:00
128,2021-10-07 09:00:00,55315.0,55332.31,53357.0,53785.22,54917.37766,2983143121.088643,1703147,26485.89849,1438826617.038987,BTCUSDT,1185.1859999999986,3220.553999999998,58535.554,2021,10,7,1.0,0.0,,0.0,
129,2021-10-08 09:00:00,53785.22,56100.0,53617.61,53951.43,46160.25785,2522087625.0940795,1548832,22643.19334,1237799956.8681743,BTCUSDT,1489.4339999999995,1185.1859999999986,54970.406,2021,10,8,0.9922930167188505,54970.406,2021-10-08 17:07:00,54546.75,2021-10-08 23:50:00
130,2021-10-09 09:00:00,53955.67,55489.0,53661.67,54949.72,55177.08013,3024862790.6955924,1609483,27686.74749,1518044340.2089689,BTCUSDT,1096.398000000001,1489.4339999999995,55445.104,2021,10,9,0.9946519353629493,55445.104,2021-10-09 22:35:00,55148.58,2021-10-09 23:50:00
131,2021-10-10 09:00:00,54949.72,56561.31,54080.0,54659.0,89237.836128,4923958325.389876,2427176,44656.915748,2464422246.842279,BTCUSDT,1488.7859999999985,1096.398000000001,56046.118,2021,10,10,0.9840763636832082,56046.118,2021-10-10 14:00:00,55153.66,2021-10-10 23:50:00
132,2021-10-11 09:00:00,54659.01,57839.04,54415.06,57471.35,52933.165751,2994673617.7236485,1690409,26858.829013,1519825843.1170495,BTCUSDT,2054.3880000000017,1488.7859999999985,56147.796,2021,10,11,1.0245200007494506,56147.796,2021-10-11 05:26:00,57524.54,2021-10-11 23:50:00
133,2021-10-12 09:00:00,57471.35,57680.0,53879.0,55996.93,53471.2855,3017210682.8859496,1554412,26157.44247,1477084242.54916,BTCUSDT,2280.6,2054.3880000000017,59525.738,2021,10,12,1.0,0.0,,0.0,
134,2021-10-13 09:00:00,55996.91,57777.0,54167.19,57367.0,55808.44492,3123307687.477303,1610489,27985.13207,1566812325.67564,BTCUSDT,2165.8859999999986,2280.6,58277.51,2021,10,13,1.0,0.0,,0.0,
135,2021-10-14 09:00:00,57370.83,58532.54,56818.05,57347.94,43053.336781,2481915791.591235,1372048,21940.264979,1265138476.8655941,BTCUSDT,1028.6939999999988,2165.8859999999986,59536.716,2021,10,14,1.0,0.0,,0.0,
136,2021-10-15 09:00:00,57347.94,62933.0,56850.0,61672.42,82512.908022,4959389368.726733,2649137,43913.676331,2638969873.669803,BTCUSDT,3649.7999999999997,1028.6939999999988,58376.634,2021,10,15,1.0269518108906381,58376.634,2021-10-15 11:26:00,59949.99,2021-10-15 23:50:00
137,2021-10-16 09:00:00,61672.42,62378.42,60150.0,60875.57,35467.88096,2173374058.808911,1360379,17286.46284,1059536457.6160173,BTCUSDT,1337.051999999999,3649.7999999999997,65322.22,2021,10,16,1.0,0.0,,0.0,
138,2021-10-17 09:00:00,60875.57,61718.39,58963.0,61528.33,39099.24124,2371696294.7973056,1331655,19289.94298,1170524004.7692945,BTCUSDT,1653.2339999999997,1337.051999999999,62212.621999999996,2021,10,17,1.0,0.0,,0.0,
139,2021-10-18 09:00:00,61528.32,62695.78,59844.45,62009.84,51798.44844,3195091233.4205527,1629184,25859.08539,1595447836.139042,BTCUSDT,1710.798000000001,1653.2339999999997,63181.554,2021,10,18,1.0,0.0,,0.0,
140,2021-10-19 09:00:00,62005.6,64486.0,61322.22,64280.59,53628.107744,3370863940.269437,1755708,27436.545484,1724665979.8435092,BTCUSDT,1898.2679999999991,1710.798000000001,63716.398,2021,10,19,1.0,0.0,,0.0,
141,2021-10-20 09:00:00,64280.59,67000.0,63481.4,66001.41,51428.934856,3362878816.4045925,1823286,27623.990526,1806653764.6708326,BTCUSDT,2111.159999999999,1898.2679999999991,66178.858,2021,10,20,1.0074759827375686,66178.858,2021-10-20 23:01:00,66673.61,2021-10-20 23:50:00
142,2021-10-21 09:00:00,66001.4,66639.74,62000.0,62193.15,68538.64537,4407757970.879756,2181665,32008.51421,2060110973.8058941,BTCUSDT,2783.8440000000032,2111.159999999999,68112.56,2021,10,21,1.0,0.0,,0.0,
143,2021-10-22 09:00:00,62193.15,63732.39,60000.0,60688.22,52119.35886,3229377744.3114257,1555280,25440.69118,1576807744.195897,BTCUSDT,2239.4339999999997,2783.8440000000032,64976.994000000006,2021,10,22,1.0,0.0,,0.0,
144,2021-10-23 09:00:00,60688.23,61747.64,59562.15,61286.75,27626.93678,1686121722.2187824,982103,13352.56908,815306581.3357304,BTCUSDT,1311.2939999999987,2239.4339999999997,62927.664000000004,2021,10,23,1.0,0.0,,0.0,
145,2021-10-24 09:00:00,61286.75,61500.0,59510.63,60852.22,31226.57676,1889694558.9504948,1052085,15682.1686,949151331.8623388,BTCUSDT,1193.6220000000014,1311.2939999999987,62598.044,2021,10,24,1.0,0.0,,0.0,
146,2021-10-25 09:00:00,60852.22,63710.63,60650.0,63078.78,36853.83806,2309339650.1093802,1270453,18577.25472,1164150305.9348185,BTCUSDT,1836.3779999999983,1193.6220000000014,62045.842000000004,2021,10,25,1.0176166196600247,62045.842000000004,2021-10-25 10:00:00,63138.88,2021-10-25 23:50:00
147,2021-10-26 09:00:00,63078.78,63293.48,59817.55,60328.81,40217.50083,2492606133.3189454,1334460,18699.28475,1160289812.695996,BTCUSDT,2085.558,1836.3779999999983,64915.157999999996,2021,10,26,1.0,0.0,,0.0,
148,2021-10-27 09:00:00,60328.81,61496.0,58000.0,58413.44,62124.49016,3688306192.972418,1913083,29983.43122,1780494793.5603175,BTCUSDT,2097.6,2085.558,62414.367999999995,2021,10,27,0.9515743233993815,62414.367999999995,2021-10-27 00:43:00,59391.91,2021-10-27 23:50:00
149,2021-10-28 09:00:00,58413.44,62499.0,57820.0,60575.89,61056.35301,3677629851.0596066,1878275,30447.44205,1835335717.8149135,BTCUSDT,2807.4,2097.6,60511.04,2021,10,28,1.0162771950374674,60511.04,2021-10-28 17:48:00,61495.99,2021-10-28 23:50:00
150,2021-10-29 09:00:00,60575.9,62980.0,60174.81,62253.71,43973.90414,2706090987.3096256,1417344,22262.86881,1370325591.0001447,BTCUSDT,1683.1140000000014,2807.4,63383.3,2021,10,29,1.0,0.0,,0.0,
151,2021-10-30 09:00:00,62253.7,62359.25,60673.0,61859.19,31478.12566,1937860260.4380624,1197748,15583.51105,959369103.6133327,BTCUSDT,1011.75,1683.1140000000014,63936.814,2021,10,30,1.0,0.0,,0.0,
152,2021-10-31 09:00:00,61859.19,62405.3,59945.36,61299.8,39267.63794,2396556477.343494,1563417,19362.08206,1181449065.6191804,BTCUSDT,1475.9640000000013,1011.75,62870.94,2021,10,31,1.0,0.0,,0.0,
153,2021-11-01 09:00:00,61299.81,62437.74,59405.0,60911.11,44687.66672,2737282804.738131,1472636,22139.95506,1356676790.5772645,BTCUSDT,1819.6439999999986,1475.9640000000013,62775.774,2021,11,1,,,,,
154,2021-11-02 09:00:00,60911.12,64270.0,60624.68,63219.99,46368.2841,2909221038.40065,1858362,23852.14282,1496448016.5988712,BTCUSDT,2187.1919999999996,1819.6439999999986,62730.764,2021,11,2,1.0091648174410883,62730.764,2021-11-02 18:42:00,63305.68,2021-11-02 23:50:00
155,2021-11-03 09:00:00,63220.57,63500.0,60382.76,62896.48,43336.09049,2713389500.4663587,1601925,20662.34777,1294306441.66844,BTCUSDT,1870.3439999999987,2187.1919999999996,65407.762,2021,11,3,1.0,0.0,,0.0,
156,2021-11-04 09:00:00,62896.49,63086.31,60677.01,61395.01,35930.93314,2218138026.7045407,1346081,17843.38035,1101751566.3843453,BTCUSDT,1445.5799999999974,1870.3439999999987,64766.833999999995,2021,11,4,1.0,0.0,,0.0,
157,2021-11-05 09:00:00,61395.01,62595.72,60721.0,60937.12,31604.48749,1943346371.470386,1243074,15769.15494,969780612.6853931,BTCUSDT,1124.8320000000006,1445.5799999999974,62840.59,2021,11,5,1.0,0.0,,0.0,
158,2021-11-06 09:00:00,60940.18,61560.49,60050.0,61470.61,25590.57408,1556774943.5537283,965309,12511.52761,761294376.4716995,BTCUSDT,906.2939999999987,1124.8320000000006,62065.012,2021,11,6,1.0,0.0,,0.0,
159,2021-11-07 09:00:00,61470.62,63286.35,61322.78,63273.59,25515.6883,1585744720.199772,1068629,13567.09782,843384435.4409548,BTCUSDT,1178.1419999999998,906.2939999999987,62376.914000000004,2021,11,7,1.0,0.0,,0.0,
160,2021-11-08 09:00:00,63273.58,67789.0,63273.58,67525.83,54442.094554,3575716171.0442996,2349581,28879.186436,1897321249.827841,BTCUSDT,2709.251999999999,1178.1419999999998,64451.722,2021,11,8,1.0131616033470758,64451.722,2021-11-08 09:24:00,65300.01,2021-11-08 23:50:00
161,2021-11-09 09:00:00,67525.82,68524.25,66222.4,66947.66,44661.378068,3014326962.087268,1847655,22243.236452,1501548663.7926426,BTCUSDT,1381.1100000000035,2709.251999999999,70235.072,2021,11,9,1.0,0.0,,0.0,
162,2021-11-10 09:00:00,66947.67,69000.0,62822.9,64882.43,65171.504046,4335575752.805223,2347934,31344.743321,2088305177.7774785,BTCUSDT,3706.259999999999,1381.1100000000035,68328.78,2021,11,10,0.9998729671450304,68328.78,2021-11-10 23:03:00,68320.1,2021-11-10 23:50:00
163,2021-11-11 09:00:00,64882.42,65600.07,64100.0,64774.26,37237.98058,2415537333.57771,1327827,18589.51479,1205890453.6044016,BTCUSDT,900.0420000000041,3706.259999999999,68588.68,2021,11,11,0.9532836905448538,68588.68,2021-11-11 01:03:00,65384.47,2021-11-11 23:50:00
164,2021-11-12 09:00:00,64774.25,65450.7,62278.0,64122.23,44490.10816,2844286547.5040407,1479149,21028.45541,1344883879.1387346,BTCUSDT,1903.619999999998,900.0420000000041,65674.292,2021,11,12,1.0,0.0,,0.0,
165,2021-11-13 09:00:00,64122.22,65000.0,63360.22,64380.0,22504.97383,1442441613.5983925,904149,11094.05209,711146514.0645869,BTCUSDT,983.8679999999993,1903.619999999998,66025.84,2021,11,13,1.0,0.0,,0.0,
166,2021-11-14 09:00:00,64380.01,65550.51,63576.27,65519.1,25705.07347,1658473781.2937696,951393,12629.83414,815039550.9471319,BTCUSDT,1184.5439999999987,983.8679999999993,65363.878000000004,2021,11,14,1.0,0.0,,0.0,
167,2021-11-15 09:00:00,65519.11,66401.82,63400.0,63606.74,37829.37124,2460915922.8761277,1305209,19160.47382,1247275595.4355905,BTCUSDT,1801.0920000000042,1184.5439999999987,66703.654,2021,11,15,1.0,0.0,,0.0,
168,2021-11-16 09:00:00,63606.73,63617.31,58574.07,60058.87,77455.15609,4705744041.299647,2353681,36375.32415,2209839153.3697233,BTCUSDT,3025.9439999999986,1801.0920000000042,65407.82200000001,2021,11,16,1.0,0.0,,0.0,
169,2021-11-17 09:00:00,60058.87,60840.23,58373.0,60344.87,46289.38491,2767802055.200423,1471305,22545.24375,1348537946.9526918,BTCUSDT,1480.3380000000018,3025.9439999999986,63084.814,2021,11,17,1.0,0.0,,0.0,
170,2021-11-18 09:00:00,60344.86,60976.0,56474.26,56891.62,62146.99931,3644824179.1448526,1960419,29742.20507,1745202989.742389,BTCUSDT,2701.0439999999985,1480.3380000000018,61825.198000000004,2021,11,18,1.0,0.0,,0.0,
171,2021-11-19 09:00:00,56891.62,58320.0,55600.0,58052.24,50715.88726,2896189975.910774,1560459,24072.28575,1374771758.2367315,BTCUSDT,1632.0,2701.0439999999985,59592.664000000004,2021,11,19,1.0,0.0,,0.0,
172,2021-11-20 09:00:00,58057.1,59845.0,57353.0,59707.51,33811.5901,1982718831.1570773,1200190,16682.28087,978340154.0756932,BTCUSDT,1495.2,1632.0,59689.1,2021,11,20,1.0,0.0,,0.0,
173,2021-11-21 09:00:00,59707.52,60029.76,58486.65,58622.02,31902.22785,1886578154.5167086,1249219,14949.12309,884084155.7068344,BTCUSDT,925.8660000000003,1495.2,61202.719999999994,2021,11,21,1.0,0.0,,0.0,
174,2021-11-22 09:00:00,58617.7,59444.0,55610.0,56247.18,51724.32047,2968622334.1376567,1624768,24834.9816,1425668562.2116647,BTCUSDT,2300.4,925.8660000000003,59543.566,2021,11,22,0.9781043345640401,59543.566,2021-11-22 01:52:00,58239.82,2021-11-22 23:50:00
175,2021-11-23 09:00:00,56243.83,58009.99,55317.0,57541.27,49917.85017,2837210673.4885187,1570845,25217.65003,1433171468.6668608,BTCUSDT,1615.7939999999987,2300.4,58544.23,2021,11,23,1.0,0.0,,0.0,
176,2021-11-24 09:00:00,57541.26,57735.0,55837.0,57138.29,39612.04964,2246374244.330568,1432991,19625.09659,1113184375.6794689,BTCUSDT,1138.8,1615.7939999999987,59157.054000000004,2021,11,24,1.0,0.0,,0.0,
177,2021-11-25 09:00:00,57138.29,59398.9,57000.0,58960.36,42153.51522,2455658857.700593,1604266,21112.80397,1230022891.7300947,BTCUSDT,1439.3400000000008,1138.8,58277.090000000004,2021,11,25,1.0050743782848457,58277.090000000004,2021-11-25 19:11:00,58572.81,2021-11-25 23:50:00
178,2021-11-26 09:00:00,58960.37,59150.0,53500.0,53726.53,65927.87066,3649353860.4295664,2138184,31287.4699,1731974879.8668964,BTCUSDT,3390.0,1439.3400000000008,60399.71000000001,2021,11,26,1.0,0.0,,0.0,
179,2021-11-27 09:00:00,53723.72,55280.0,53610.0,54721.03,29716.99957,1623173123.4917316,1110145,14462.93801,790191540.9148489,BTCUSDT,1002.0,3390.0,57113.72,2021,11,27,1.0,0.0,,0.0,
180,2021-11-28 09:00:00,54716.47,57445.05,53256.64,57274.88,36163.7137,1982198373.532835,1253408,18520.69985,1016073216.5947642,BTCUSDT,2513.046000000002,1002.0,55718.47,2021,11,28,1.0,0.0,,0.0,
181,2021-11-29 09:00:00,57274.89,58865.97,56666.67,57776.25,40125.28009,2313371348.113543,1349625,19520.25038,1125240984.5522516,BTCUSDT,1319.5800000000017,2513.046000000002,59787.936,2021,11,29,1.0,0.0,,0.0,
182,2021-11-30 09:00:00,57776.25,59176.99,55875.55,56950.56,49161.05194,2823644073.021905,1587472,23867.80287,1371720422.255628,BTCUSDT,1980.8639999999968,1319.5800000000017,59095.83,2021,11,30,1.0,0.0,,0.0,
183,2021-12-01 09:00:00,56950.56,59053.55,56458.01,57184.07,44956.63656,2584928714.0757422,1442301,21501.29463,1236414404.9088528,BTCUSDT,1557.3240000000005,1980.8639999999968,58931.42399999999,2021,12,1,,,,,
184,2021-12-02 09:00:00,57184.07,57375.47,55777.77,56480.34,37574.05976,2127110102.1073096,1307890,18375.47518,1040366894.5501271,BTCUSDT,958.6200000000026,1557.3240000000005,58741.394,2021,12,2,0.9718713859599587,58741.394,2021-12-02 00:01:00,57089.08,2021-12-02 23:50:00
185,2021-12-03 09:00:00,56484.26,57600.0,51680.0,53601.05,58927.69027,3246198505.9468513,1865063,27287.25751,1505556556.1578631,BTCUSDT,3552.0,958.6200000000026,57442.880000000005,2021,12,3,0.9820339787977204,57442.880000000005,2021-12-03 22:32:00,56410.86,2021-12-03 23:50:00
186,2021-12-04 09:00:00,53601.05,53859.1,42000.3,49152.47,114203.373748,5495712061.978532,3362771,52876.55238,2544632557.496252,BTCUSDT,7115.279999999997,3552.0,57153.05,2021,12,4,1.0,0.0,,0.0,
187,2021-12-05 09:00:00,49152.46,49699.05,47727.21,49396.33,45580.82012,2231486105.8439116,1371839,22420.90324,1097785758.5909762,BTCUSDT,1183.1040000000023,7115.279999999997,56267.74,2021,12,5,1.0,0.0,,0.0,
188,2021-12-06 09:00:00,49396.32,50891.11,47100.0,50441.92,58571.21575,2851528919.1795363,1741956,28820.34753,1403464676.8850937,BTCUSDT,2274.666,1183.1040000000023,50579.424,2021,12,6,1.0,0.0,,0.0,
189,2021-12-07 09:00:00,50441.91,51936.33,50039.74,50588.95,38253.46877,1950573500.2086658,1212350,18679.11099,952551067.6259857,BTCUSDT,1137.9540000000022,2274.666,52716.576,2021,12,7,1.0,0.0,,0.0,
190,2021-12-08 09:00:00,50588.95,51200.0,48600.0,50471.19,38425.92466,1925458787.1147523,1118225,18126.84362,908410692.2460091,BTCUSDT,1560.0,1137.9540000000022,51726.904,2021,12,8,0.983067341513422,51726.904,2021-12-08 00:35:00,50851.03,2021-12-08 23:50:00
191,2021-12-09 09:00:00,50471.19,50797.76,47320.0,47545.59,37692.68665,1841474998.89511,1130599,18097.0596,884082539.7047912,BTCUSDT,2086.6560000000013,1560.0,52031.19,2021,12,9,1.0,0.0,,0.0,
192,2021-12-10 09:00:00,47535.9,50125.0,46852.0,47140.54,44233.57391,2135023722.8531513,1215231,21143.96129,1020995576.3025669,BTCUSDT,1963.8,2086.6560000000013,49622.556000000004,2021,12,10,0.9766945499542586,49622.556000000004,2021-12-10 22:35:00,48466.08,2021-12-10 23:50:00
193,2021-12-11 09:00:00,47140.54,49485.71,46751.0,49389.99,28889.19358,1397524635.581402,957390,14452.26806,699251597.8052382,BTCUSDT,1640.8259999999993,1963.8,49104.340000000004,2021,12,11,1.0,0.0,,0.0,
194,2021-12-12 09:00:00,49389.99,50777.0,48638.0,50053.9,26017.93421,1292315883.6245537,863605,13266.00955,658923314.8679801,BTCUSDT,1283.3999999999999,1640.8259999999993,51030.816,2021,12,12,1.0,0.0,,0.0,
195,2021-12-13 09:00:00,50053.9,50189.97,45672.75,46702.75,50869.52093,2423888500.790305,1399599,23487.0228,1119972248.5384023,BTCUSDT,2710.332000000001,1283.3999999999999,51337.3,2021,12,13,1.0,0.0,,0.0,
196,2021-12-14 09:00:00,46702.76,48700.41,46290.0,48343.28,39955.98445,1887427362.4740965,1194992,20010.80589,945501336.1569144,BTCUSDT,1446.2460000000021,2710.332000000001,49413.092000000004,2021,12,14,1.0,0.0,,0.0,
197,2021-12-15 09:00:00,48336.95,49500.0,46547.0,48864.98,51629.181,2487012309.0915494,1438176,25861.16891,1246095378.459541,BTCUSDT,1771.8,1446.2460000000021,49783.195999999996,2021,12,15,1.0,0.0,,0.0,
198,2021-12-16 09:00:00,48864.98,49436.43,47511.0,47632.38,31949.86739,1551200654.052745,1023983,15281.92439,742115283.5773988,BTCUSDT,1155.258,1771.8,50636.780000000006,2021,12,16,1.0,0.0,,0.0,
199,2021-12-17 09:00:00,47632.38,47995.96,45456.0,46131.2,43104.4887,2015966349.5161324,1261780,19846.77192,928665863.5850744,BTCUSDT,1523.9759999999994,1155.258,48787.638,2021,12,17,1.0,0.0,,0.0,
200,2021-12-18 09:00:00,46133.83,47392.37,45500.0,46834.48,25020.05271,1165205135.7008426,862066,12635.54707,588649454.2725667,BTCUSDT,1135.4220000000016,1523.9759999999994,47657.806000000004,2021,12,18,1.0,0.0,,0.0,
201,2021-12-19 09:00:00,46834.47,48300.01,46406.91,46681.23,29305.70665,1384958598.3627698,874827,14646.77828,692559814.2285637,BTCUSDT,1135.859999999999,1135.4220000000016,47969.892,2021,12,19,0.9893443162223504,47969.892,2021-12-19 12:36:00,47458.74,2021-12-19 23:50:00
202,2021-12-20 09:00:00,46681.24,47537.57,45558.85,46914.16,35848.50609,1663363117.8304534,1076488,17666.32749,819817570.663743,BTCUSDT,1187.2320000000007,1135.859999999999,47817.1,2021,12,20,1.0,0.0,,0.0,
203,2021-12-21 09:00:00,46914.17,49328.96,46630.0,48889.88,37713.92924,1827234149.0598803,1119412,19356.27006,937648412.2221354,BTCUSDT,1619.3759999999995,1187.2320000000007,48101.402,2021,12,21,1.0103865579635287,48101.402,2021-12-21 13:01:00,48601.01,2021-12-21 23:50:00
204,2021-12-22 09:00:00,48887.59,49576.13,48421.87,48588.16,27004.2022,1322418595.3337295,949480,13402.54963,656467230.7563097,BTCUSDT,692.5559999999969,1619.3759999999995,50506.96599999999,2021,12,22,1.0,0.0,,0.0,
205,2021-12-23 09:00:00,48588.17,51375.0,47920.42,50838.81,35192.54046,1738129830.7814522,1176050,17397.67034,859605116.679757,BTCUSDT,2072.748000000001,692.5559999999969,49280.725999999995,2021,12,23,1.0,0.0,,0.0,
206,2021-12-24 09:00:00,50838.82,51810.0,50384.43,50820.0,31684.84269,1618089927.2810063,1075177,15108.36362,771557283.6260679,BTCUSDT,855.3419999999998,2072.748000000001,52911.568,2021,12,24,1.0,0.0,,0.0,
207,2021-12-25 09:00:00,50819.99,51156.23,50142.32,50399.66,19135.51613,971491029.130824,766979,9928.30266,504102529.5288982,BTCUSDT,608.346000000002,855.3419999999998,51675.331999999995,2021,12,25,0.9810230150045288,51675.331999999995,2021-12-25 04:00:00,50694.69,2021-12-25 23:50:00
208,2021-12-26 09:00:00,50399.67,51280.0,49412.0,50775.49,22569.88914,1132200241.5624182,797133,11285.69707,566374786.7160686,BTCUSDT,1120.8,608.346000000002,51008.016,2021,12,26,0.9767413811978101,51008.016,2021-12-26 03:30:00,49821.64,2021-12-26 23:50:00
209,2021-12-27 09:00:00,50775.48,52088.0,50449.0,50701.44,28783.57561,1471626727.6045172,1008993,14431.77595,738150090.1315702,BTCUSDT,983.4,1120.8,51896.280000000006,2021,12,27,1.0,0.0,,0.0,
210,2021-12-28 09:00:00,50701.44,50704.05,47313.01,47543.74,45853.33924,2242102220.931003,1345774,21743.17013,1063171693.1535625,BTCUSDT,2034.6240000000005,983.4,51684.840000000004,2021,12,28,0.9480940639460235,51684.840000000004,2021-12-28 02:23:00,49002.09,2021-12-28 23:50:00
211,2021-12-29 09:00:00,47543.74,48139.08,46096.99,46464.66,39498.87,1873785571.2732966,1114074,19089.6191,905969695.6425399,BTCUSDT,1225.2540000000022,2034.6240000000005,49578.364,2021,12,29,1.0,0.0,,0.0,
212,2021-12-30 09:00:00,46464.66,47900.0,45900.0,47120.87,30352.29569,1428755720.453203,910157,14886.52375,700792256.6883159,BTCUSDT,1200.0,1225.2540000000022,47689.914000000004,2021,12,30,0.9907663075257379,47689.914000000004,2021-12-30 00:00:00,47249.56,2021-12-30 23:50:00
213,2021-12-31 09:00:00,47120.88,48548.26,45678.0,46216.93,34937.99796,1650715977.918517,1059783,17315.5423,818331688.0033131,BTCUSDT,1722.156000000001,1200.0,48320.88,2021,12,31,0.9932960658001263,48320.88,2021-12-31 17:34:00,47996.94,2021-12-31 23:50:00
214,2022-01-01 09:00:00,46216.93,47954.63,46208.37,47722.65,19604.46325,924155159.5834866,714899,9942.36679,468738711.7901065,BTCUSDT,1047.755999999997,1722.156000000001,47939.086,2022,1,1,,,,,
215,2022-01-02 09:00:00,47722.66,47990.0,46654.0,47286.18,18340.4604,866610995.5633582,709624,9166.46954,433182392.2819466,BTCUSDT,801.6,1047.755999999997,48770.416,2022,1,2,1.0,0.0,,0.0,
216,2022-01-03 09:00:00,47286.18,47570.0,45696.0,46446.1,27662.0771,1292203508.325655,885624,13524.76045,631879430.11428,BTCUSDT,1124.3999999999999,801.6,48087.78,2022,1,3,1.0,0.0,,0.0,
217,2022-01-04 09:00:00,46446.1,47557.54,45500.0,45832.01,35491.4136,1649170424.1276133,1021815,17689.26808,821725463.0808074,BTCUSDT,1234.5240000000006,1124.3999999999999,47570.5,2022,1,4,1.0,0.0,,0.0,
218,2022-01-05 09:00:00,45832.01,47070.0,42500.0,43451.13,51784.11857,2334288544.645448,1478532,23552.9946,1063287226.3571414,BTCUSDT,2742.0,1234.5240000000006,47066.534,2022,1,5,0.9822905166545725,47066.534,2022-01-05 00:00:00,46233.01,2022-01-05 23:50:00
219,2022-01-06 09:00:00,43451.14,43816.0,42430.58,43082.31,38880.37305,1674466154.4383326,1150707,19268.82662,829886561.8261453,BTCUSDT,831.2519999999989,2742.0,46193.14,2022,1,6,0.9282596939718756,46193.14,2022-01-06 00:00:00,42879.23,2022-01-06 23:50:00
220,2022-01-07 09:00:00,43082.3,43145.83,40610.0,41566.48,54836.50818,2293851015.4652367,1406635,26519.39261,1109740200.2387211,BTCUSDT,1521.498000000001,831.2519999999989,43913.552,2022,1,7,1.0,0.0,,0.0,
221,2022-01-08 09:00:00,41566.48,42300.0,40501.0,41679.74,32952.73111,1367233494.8277667,1021908,16462.53747,683155535.4215348,BTCUSDT,1079.3999999999999,1521.498000000001,43087.978,2022,1,8,1.0,0.0,,0.0,
222,2022-01-09 09:00:00,41679.74,42786.7,41200.02,41864.62,22724.39426,952830064.5125849,752733,11399.78979,478046850.277152,BTCUSDT,952.0080000000002,1079.3999999999999,42759.14,2022,1,9,1.0,0.0,,0.0,
223,2022-01-10 09:00:00,41864.62,42248.5,39650.0,41822.49,50729.17019,2088111339.5055964,1250983,24654.54811,1015935553.4027652,BTCUSDT,1559.1,952.0080000000002,42816.628000000004,2022,1,10,1.0,0.0,,0.0,
224,2022-01-11 09:00:00,41822.49,43100.0,41268.93,42729.29,37296.43729,1574803608.9600787,1015526,18521.95391,782176383.1010936,BTCUSDT,1098.6419999999998,1559.1,43381.59,2022,1,11,1.0,0.0,,0.0,
225,2022-01-12 09:00:00,42729.29,44322.0,42450.0,43902.66,33943.2928,1470906437.7120714,1023902,17584.31885,762205618.815565,BTCUSDT,1123.2,1098.6419999999998,43827.932,2022,1,12,0.9981755470461167,43827.932,2022-01-12 22:30:00,43747.97,2022-01-12 23:50:00
226,2022-01-13 09:00:00,43902.65,44500.0,42311.22,42560.11,34910.87762,1515944525.4954948,1036234,17175.40587,746075123.2441132,BTCUSDT,1313.2679999999993,1123.2,45025.85,2022,1,13,1.0,0.0,,0.0,
227,2022-01-14 09:00:00,42558.35,43448.78,41725.95,43059.96,32640.88292,1392000443.3501675,946938,15434.18945,658472386.2432475,BTCUSDT,1033.698000000001,1313.2679999999993,43871.617999999995,2022,1,14,0.9742407950397454,43871.617999999995,2022-01-14 00:00:00,42741.52,2022-01-14 23:50:00
228,2022-01-15 09:00:00,43059.96,43800.0,42555.0,43084.29,21936.05616,946488263.5484481,752688,11133.18615,480516487.1849679,BTCUSDT,747.0,1033.698000000001,44093.658,2022,1,15,1.0,0.0,,0.0,
229,2022-01-16 09:00:00,43084.29,43475.0,42581.79,43071.66,20602.35271,887203134.0531468,732171,10052.19291,432899939.6738643,BTCUSDT,535.9259999999995,747.0,43831.29,2022,1,16,1.0,0.0,,0.0,
230,2022-01-17 09:00:00,43071.66,43176.18,41540.42,42201.62,27562.08613,1169381684.4668436,918029,13448.54192,570690475.9728293,BTCUSDT,981.4560000000012,535.9259999999995,43607.586,2022,1,17,1.0,0.0,,0.0,
231,2022-01-18 09:00:00,42201.63,42691.0,41250.0,42352.12,29324.08257,1228459687.3994458,905061,14527.82371,608578954.6171259,BTCUSDT,864.6,981.4560000000012,43183.085999999996,2022,1,18,1.0,0.0,,0.0,
232,2022-01-19 09:00:00,42352.12,42559.13,41138.56,41660.01,31685.72159,1327478459.1602297,924528,15603.74304,653807601.6725059,BTCUSDT,852.3419999999998,864.6,43216.72,2022,1,19,1.0,0.0,,0.0,
233,2022-01-20 09:00:00,41660.0,43505.0,40553.31,40680.91,42330.33953,1784801200.404487,1098761,20201.47991,852629490.2787864,BTCUSDT,1771.0140000000013,852.3419999999998,42512.342,2022,1,20,1.0069525221640343,42512.342,2022-01-20 00:00:00,42807.91,2022-01-20 23:50:00
234,2022-01-21 09:00:00,40680.92,41100.0,35440.45,36445.31,88860.891999,3405501703.2219367,2092561,41615.085819,1595831787.700032,BTCUSDT,3395.730000000002,1771.0140000000013,42451.934,2022,1,21,0.9079652295699884,42451.934,2022-01-21 00:00:00,38544.88,2022-01-21 23:50:00
235,2022-01-22 09:00:00,36445.31,36835.22,34008.0,35071.42,90471.338961,3207531048.0306516,2099978,42722.278233,1514027491.3203938,BTCUSDT,1696.3320000000006,3395.730000000002,39841.04,2022,1,22,1.0,0.0,,0.0,
236,2022-01-23 09:00:00,35071.42,36499.0,34601.01,36244.55,44279.52354,1572414639.0428774,1142407,22841.39451,811501507.0363061,BTCUSDT,1138.7939999999987,1696.3320000000006,36767.752,2022,1,23,1.0,0.0,,0.0,
237,2022-01-24 09:00:00,36244.55,37550.0,32917.17,36660.35,91904.753211,3192041586.10319,1999352,46469.272938,1615890700.8425,BTCUSDT,2779.698000000001,1138.7939999999987,37383.344000000005,2022,1,24,1.0,0.0,,0.0,
238,2022-01-25 09:00:00,36660.35,37545.14,35701.0,36958.32,49232.40183,1799224214.4997392,1248246,24988.42876,913198135.6036831,BTCUSDT,1106.4839999999997,2779.698000000001,39440.048,2022,1,25,1.0,0.0,,0.0,
239,2022-01-26 09:00:00,36958.32,38919.98,36234.63,36809.34,69830.16036,2627491976.6908574,1584468,35240.31542,1326474948.4632242,BTCUSDT,1611.2100000000034,1106.4839999999997,38064.804,2022,1,26,1.0035987575293965,38064.804,2022-01-26 19:58:00,38201.79,2022-01-26 23:50:00
240,2022-01-27 09:00:00,36807.24,37234.47,35507.01,37160.1,53020.87934,1925920128.3436604,1308408,26750.94594,971815942.2707555,BTCUSDT,1036.4759999999994,1611.2100000000034,38418.450000000004,2022,1,27,0.9630271393041624,38418.450000000004,2022-01-27 04:00:00,36998.01,2022-01-27 23:50:00
241,2022-01-28 09:00:00,37160.11,38000.0,36155.01,37716.56,42154.26956,1560203931.220128,1061101,21496.47551,795847847.5123422,BTCUSDT,1106.9939999999988,1036.4759999999994,38196.586,2022,1,28,1.0,0.0,,0.0,
242,2022-01-29 09:00:00,37716.57,38720.74,37268.44,38166.84,26129.49682,989652386.9966494,816601,13292.42156,503624477.659453,BTCUSDT,871.3799999999974,1106.9939999999988,38823.564,2022,1,29,1.0,0.0,,0.0,
243,2022-01-30 09:00:00,38166.83,38359.26,37351.63,37881.76,21430.66527,812750216.6010319,698593,10798.3846,409620744.0169444,BTCUSDT,604.5780000000028,871.3799999999974,39038.21,2022,1,30,1.0,0.0,,0.0,
244,2022-01-31 09:00:00,37881.75,38744.0,36632.61,38466.9,36855.2458,1386754529.0295446,936014,18422.26954,693360023.3316519,BTCUSDT,1266.8339999999996,604.5780000000028,38486.328,2022,1,31,1.0,0.0,,0.0,
245,2022-02-01 09:00:00,38466.9,39265.2,38000.0,38694.59,34574.44663,1334266166.7099988,917617,17730.99304,684446571.1793659,BTCUSDT,759.1199999999982,1266.8339999999996,39733.734000000004,2022,2,1,,,,,
246,2022-02-02 09:00:00,38694.59,38855.92,36586.95,36896.36,35794.6813,1353093948.9776013,907905,17251.43687,652533107.6999176,BTCUSDT,1361.3820000000007,759.1199999999982,39453.70999999999,2022,2,2,1.0,0.0,,0.0,
247,2022-02-03 09:00:00,36896.37,37387.0,36250.0,37311.61,32081.10999,1179502838.6566265,848961,16468.10233,605530493.5816588,BTCUSDT,682.1999999999999,1361.3820000000007,38257.752,2022,2,3,1.0,0.0,,0.0,
248,2022-02-04 09:00:00,37311.98,41772.33,37026.73,41574.25,64703.95874,2526572562.058285,1380724,33053.66668,1291953441.5589995,BTCUSDT,2847.359999999999,682.1999999999999,37994.18,2022,2,4,0.9963244370585179,37994.18,2022-02-04 15:25:00,37854.53,2022-02-04 23:50:00
249,2022-02-05 09:00:00,41571.7,41913.69,40843.01,41382.59,32532.34372,1349805515.9300365,1006352,16566.08602,687352854.8254198,BTCUSDT,642.4080000000001,2847.359999999999,44419.06,2022,2,5,1.0,0.0,,0.0,
250,2022-02-06 09:00:00,41382.6,42656.0,41116.56,42380.87,22405.16704,934168802.8801152,788291,11546.39088,481652514.3718321,BTCUSDT,923.6640000000014,642.4080000000001,42025.008,2022,2,6,0.9828162317066067,42025.008,2022-02-06 23:31:00,41302.86,2022-02-06 23:50:00
251,2022-02-07 09:00:00,42380.87,44500.5,41645.85,43839.99,51060.62006,2204523609.903396,1473274,25457.79986,1099936959.0396457,BTCUSDT,1712.7900000000009,923.6640000000014,43304.53400000001,2022,2,7,0.9985693414920478,43304.53400000001,2022-02-07 23:42:00,43242.58,2022-02-07 23:50:00
252,2022-02-08 09:00:00,43839.99,45492.0,42666.0,44042.99,64880.29387,2847485971.4977336,1653350,33004.09337,1448178622.4660032,BTCUSDT,1695.6,1712.7900000000009,45552.78,2022,2,8,1.0,0.0,,0.0,
253,2022-02-09 09:00:00,44043.0,44799.0,43117.92,44372.72,34428.16729,1512500139.1430995,1066395,17115.60108,752210712.4118421,BTCUSDT,1008.648000000001,1695.6,45738.6,2022,2,9,1.0,0.0,,0.0,
254,2022-02-10 09:00:00,44372.71,45821.0,43174.01,43495.44,62357.29091,2772188373.222783,1541483,30323.12245,1348871895.8677204,BTCUSDT,1588.1939999999988,1008.648000000001,45381.358,2022,2,10,1.0,0.0,,0.0,
255,2022-02-11 09:00:00,43495.44,43920.0,41938.51,42373.73,44975.1687,1937866768.5059533,1169354,22063.76915,950913914.0296428,BTCUSDT,1188.8939999999986,1588.1939999999988,45083.634,2022,2,11,0.9709476835873524,45083.634,2022-02-11 00:04:00,43773.85,2022-02-11 23:50:00
256,2022-02-12 09:00:00,42373.73,43079.49,41688.88,42217.87,26556.85681,1123136004.7237246,830322,12814.60322,542061655.4291937,BTCUSDT,834.3660000000003,1188.8939999999986,43562.624,2022,2,12,0.9614838628637247,43562.624,2022-02-12 00:00:00,41884.76,2022-02-12 23:50:00
257,2022-02-13 09:00:00,42217.87,42760.0,41870.0,42053.66,17732.08113,750533311.6529565,624898,8333.13302,352741586.0597297,BTCUSDT,534.0,834.3660000000003,43052.236000000004,2022,2,13,0.9823859090617267,43052.236000000004,2022-02-13 03:19:00,42293.91,2022-02-13 23:50:00
258,2022-02-14 09:00:00,42053.65,42842.4,41550.56,42535.94,34010.1306,1436927831.4445863,867622,16912.76672,714598651.165975,BTCUSDT,775.1040000000022,534.0,42587.65,2022,2,14,1.000604635381384,42587.65,2022-02-14 00:02:00,42613.4,2022-02-14 23:50:00
259,2022-02-15 09:00:00,42535.94,44751.4,42427.03,44544.86,38095.19576,1672855933.625659,990694,19180.32434,842363401.2128453,BTCUSDT,1394.6220000000014,775.1040000000022,43311.044,2022,2,15,1.0225934521458313,43311.044,2022-02-15 10:35:00,44289.59,2022-02-15 23:50:00
260,2022-02-16 09:00:00,44544.85,44549.97,43307.0,43873.56,28471.8727,1250973502.3018453,823745,14106.69537,619773473.0165873,BTCUSDT,745.7820000000007,1394.6220000000014,45939.472,2022,2,16,1.0,0.0,,0.0,
261,2022-02-17 09:00:00,43873.56,44164.71,40073.21,40515.7,47245.99494,1993400162.9480667,1067658,21468.60602,906038209.7818584,BTCUSDT,2454.9,745.7820000000007,44619.342,2022,2,17,1.0,0.0,,0.0,
262,2022-02-18 09:00:00,40515.71,40959.88,39450.0,39974.44,43845.92241,1765622365.9527562,1025882,20609.06764,829953072.4139525,BTCUSDT,905.9279999999984,2454.9,42970.61,2022,2,18,1.0,0.0,,0.0,
263,2022-02-19 09:00:00,39974.45,40444.32,39639.03,40079.17,18042.0551,721960636.0646693,586653,8374.975,335209843.631803,BTCUSDT,483.1740000000005,905.9279999999984,40880.378,2022,2,19,1.0,0.0,,0.0,
264,2022-02-20 09:00:00,40079.17,40125.44,38000.0,38386.89,33439.29011,1293216601.4518795,811235,15338.25392,592897166.4491583,BTCUSDT,1275.2640000000013,483.1740000000005,40562.344,2022,2,20,1.0,0.0,,0.0,
265,2022-02-21 09:00:00,38386.89,39494.35,36800.0,37008.16,62347.68496,2382027320.8617606,1352290,30617.13558,1170272316.2758772,BTCUSDT,1616.609999999999,1275.2640000000013,39662.154,2022,2,21,1.0,0.0,,0.0,
266,2022-02-22 09:00:00,37008.16,38429.0,36350.0,38230.33,53785.94589,2010628230.7549176,1212527,27322.73575,1021948126.9253064,BTCUSDT,1247.3999999999999,1616.609999999999,38624.770000000004,2022,2,22,0.9810740620591397,38624.770000000004,2022-02-22 00:00:00,37893.76,2022-02-22 23:50:00
267,2022-02-23 09:00:00,38230.33,39249.93,37036.79,37250.01,43560.732,1665486687.239937,1030872,21449.9558,820639942.0318317,BTCUSDT,1327.8839999999996,1247.3999999999999,39477.73,2022,2,23,1.0,0.0,,0.0,
268,2022-02-24 09:00:00,37250.02,39843.0,34322.28,38327.21,120476.29458,4335107392.009488,2622780,60103.1314,2164376869.726107,BTCUSDT,3312.4320000000007,1327.8839999999996,38577.903999999995,2022,2,24,0.9246254021473018,38577.903999999995,2022-02-24 00:00:00,35670.11,2022-02-24 23:50:00
269,2022-02-25 09:00:00,38328.68,39683.53,38014.37,39219.17,56574.57125,2197889580.282669,1408558,29904.01589,1161436657.8296285,BTCUSDT,1001.4959999999977,3312.4320000000007,41641.112,2022,2,25,1.0,0.0,,0.0,
270,2022-02-26 09:00:00,39219.16,40348.45,38573.18,39116.72,29361.2568,1152621719.69438,924257,14658.93596,575852237.9808168,BTCUSDT,1065.161999999998,1001.4959999999977,40220.656,2022,2,26,0.9730572271123573,40220.656,2022-02-26 09:43:00,39137.0,2022-02-26 23:50:00
271,2022-02-27 09:00:00,39116.73,39855.7,37000.0,37699.07,46229.44719,1780512702.886402,1265753,21789.2508,840141690.3293545,BTCUSDT,1713.4199999999983,1065.161999999998,40181.892,2022,2,27,1.0,0.0,,0.0,
272,2022-02-28 09:00:00,37699.08,44225.84,37450.17,43160.0,73945.63858,2975160226.1689854,1931087,38543.78078,1553136662.0034583,BTCUSDT,4065.4019999999987,1713.4199999999983,39412.5,2022,2,28,0.9984497304154774,39412.5,2022-02-28 00:27:00,39351.4,2022-02-28 23:50:00
273,2022-03-01 09:00:00,43160.0,44949.0,42809.98,44421.2,61743.09873,2701611023.6943197,1866871,30937.54085,1353520463.0084743,BTCUSDT,1283.411999999998,4065.4019999999987,47225.402,2022,3,1,,,,,
274,2022-03-02 09:00:00,44421.2,45400.0,43334.09,43892.98,57782.65081,2550792948.2886243,1653131,28624.1131,1264172354.0456262,BTCUSDT,1239.546000000002,1283.411999999998,45704.611999999994,2022,3,2,1.0,0.0,,0.0,
275,2022-03-03 09:00:00,43892.99,44101.12,41832.28,42454.0,50940.61021,2192152097.925188,1289320,24438.40113,1051969942.2112321,BTCUSDT,1361.3040000000021,1239.546000000002,45132.536,2022,3,3,0.9618389270215173,45132.536,2022-03-03 00:00:00,43410.23,2022-03-03 23:50:00
276,2022-03-04 09:00:00,42454.0,42527.3,38550.0,39148.66,61964.68498,2527001270.719469,1465066,29322.62323,1196441375.2961826,BTCUSDT,2386.3800000000015,1361.3040000000021,43815.304000000004,2022,3,4,1.0,0.0,,0.0,
277,2022-03-05 09:00:00,39148.65,39613.24,38407.59,39397.96,30363.13341,1187689935.0879934,879727,14846.61434,580820200.9425652,BTCUSDT,723.3900000000009,2386.3800000000015,41535.030000000006,2022,3,5,1.0,0.0,,0.0,
278,2022-03-06 09:00:00,39397.97,39693.87,38088.57,38420.81,39677.26158,1542258009.6292188,986352,19055.16367,740741244.8965172,BTCUSDT,963.1800000000017,723.3900000000009,40121.36,2022,3,6,1.0,0.0,,0.0,
279,2022-03-07 09:00:00,38420.8,39547.57,37155.0,37988.0,63941.20316,2447310342.4666195,1454770,31624.08426,1210428347.724613,BTCUSDT,1435.5419999999997,963.1800000000017,39383.98,2022,3,7,1.0,0.0,,0.0,
280,2022-03-08 09:00:00,37988.01,39362.08,37867.65,38730.63,55528.43367,2147541837.688247,1269742,27931.99999,1080277222.5345988,BTCUSDT,896.6580000000001,1435.5419999999997,39423.552,2022,3,8,0.986074770736031,39423.552,2022-03-08 01:07:00,38874.57,2022-03-08 23:50:00
281,2022-03-09 09:00:00,38730.63,42594.06,38656.45,41941.71,67392.58799,2797240840.960747,1570230,34598.34753,1435303843.9873853,BTCUSDT,2362.5660000000003,896.6580000000001,39627.288,2022,3,9,1.0636645132011053,39627.288,2022-03-09 12:14:00,42150.14,2022-03-09 23:50:00
282,2022-03-10 09:00:00,41941.7,42039.63,38539.73,39422.0,71950.25677,2853792081.107706,1512384,33795.03278,1339863548.3354032,BTCUSDT,2099.9399999999964,2362.5660000000003,44304.265999999996,2022,3,10,1.0,0.0,,0.0,
283,2022-03-11 09:00:00,39422.01,40236.26,38223.6,38729.57,59018.7642,2305825015.6010857,1252571,29148.02045,1139093538.3524642,BTCUSDT,1207.596000000002,2099.9399999999964,41521.95,2022,3,11,1.0,0.0,,0.0,
284,2022-03-12 09:00:00,38729.57,39486.71,38660.52,38807.36,24034.36432,939663387.3149893,671733,11869.94851,464113572.6085631,BTCUSDT,495.71400000000136,1207.596000000002,39937.166000000005,2022,3,12,1.0,0.0,,0.0,
285,2022-03-13 09:00:00,38807.35,39310.0,37578.51,37777.34,32791.82359,1268441605.1866875,841844,15150.32067,586406176.6009938,BTCUSDT,1038.8939999999986,495.71400000000136,39303.064,2022,3,13,0.9880496848795299,39303.064,2022-03-13 02:04:00,38833.38,2022-03-13 23:50:00
286,2022-03-14 09:00:00,37777.35,39947.12,37555.0,39671.37,46945.45375,1821922588.4472065,1114899,24146.76237,937313460.6262863,BTCUSDT,1435.2720000000015,1038.8939999999986,38816.244,2022,3,14,0.9998138923487805,38816.244,2022-03-14 00:00:00,38809.02,2022-03-14 23:50:00
287,2022-03-15 09:00:00,39671.37,39887.61,38098.33,39280.33,46015.54926,1796571984.458497,1060517,22657.90532,885084067.9857315,BTCUSDT,1073.5679999999993,1435.2720000000015,41106.64200000001,2022,3,15,1.0,0.0,,0.0,
288,2022-03-16 09:00:00,39280.33,41718.0,38828.48,41114.0,88120.76167,3552563766.3655386,2051837,44119.65664,1779529342.3189175,BTCUSDT,1733.711999999998,1073.5679999999993,40353.898,2022,3,16,1.0090720356184673,40353.898,2022-03-16 11:07:00,40719.99,2022-03-16 23:50:00
289,2022-03-17 09:00:00,41114.01,41478.82,40500.0,40917.9,37189.38087,1521083189.7108624,935784,18580.98075,760015585.8029839,BTCUSDT,587.2919999999998,1733.711999999998,42847.722,2022,3,17,1.0,0.0,,0.0,
290,2022-03-18 09:00:00,40917.89,42325.02,40135.04,41757.51,45408.00969,1862337033.4847212,1065054,22374.92757,918115615.0464845,BTCUSDT,1313.9879999999976,587.2919999999998,41505.182,2022,3,18,1.0,0.0,,0.0,
291,2022-03-19 09:00:00,41757.51,42400.0,41499.29,42201.13,29067.18108,1216709156.4428053,801197,14463.06148,605480703.8859774,BTCUSDT,540.4259999999995,1313.9879999999976,43071.498,2022,3,19,1.0,0.0,,0.0,
292,2022-03-20 09:00:00,42201.13,42296.26,40911.0,41262.11,30653.33468,1273880705.2502496,799695,14636.72662,608328201.7906688,BTCUSDT,831.1560000000012,540.4259999999995,42741.556,2022,3,20,1.0,0.0,,0.0,
293,2022-03-21 09:00:00,41262.11,41544.22,40467.94,41002.25,39426.24877,1618789548.0684214,947206,19079.42652,783366152.1200151,BTCUSDT,645.7679999999992,831.1560000000012,42093.266,2022,3,21,1.0,0.0,,0.0,
294,2022-03-22 09:00:00,41002.26,43361.0,40875.51,42364.13,59454.94294,2525975507.8012,1367343,30215.54785,1283334795.3252618,BTCUSDT,1491.2939999999987,645.7679999999992,41648.028,2022,3,22,1.0285555416933545,41648.028,2022-03-22 11:03:00,42837.31,2022-03-22 23:50:00
295,2022-03-23 09:00:00,42364.13,43025.96,41751.47,42882.76,40828.87039,1725787170.5823965,916671,20211.34116,854479820.5334152,BTCUSDT,764.6939999999987,1491.2939999999987,43855.424,2022,3,23,1.0,0.0,,0.0,
296,2022-03-24 09:00:00,42882.76,44220.89,42560.46,43991.46,56195.12374,2436258223.6223383,1202541,27963.10189,1212354441.1395836,BTCUSDT,996.2580000000002,764.6939999999987,43647.454,2022,3,24,1.0,0.0,,0.0,
297,2022-03-25 09:00:00,43991.46,45094.14,43579.0,44313.16,54614.43648,2421153187.6604123,1141588,27819.34765,1233475690.3636422,BTCUSDT,909.0839999999996,996.2580000000002,44987.718,2022,3,25,0.998267793889879,44987.718,2022-03-25 22:48:00,44909.79,2022-03-25 23:50:00
298,2022-03-26 09:00:00,44313.16,44792.99,44071.97,44511.27,23041.61741,1022802857.60941,693647,11422.59021,507079959.2099111,BTCUSDT,432.6119999999981,909.0839999999996,45222.244000000006,2022,3,26,1.0,0.0,,0.0,
299,2022-03-27 09:00:00,44511.27,46999.0,44421.46,46827.76,41874.91071,1907019662.3441498,1135096,21674.84642,987241345.646293,BTCUSDT,1546.5240000000006,432.6119999999981,44943.882,2022,3,27,0.9925713582106682,44943.882,2022-03-27 11:09:00,44610.01,2022-03-27 23:50:00
300,2022-03-28 09:00:00,46827.76,48189.84,46663.56,47122.21,58949.2614,2789898402.616576,1498975,29097.75719,1377280753.9727275,BTCUSDT,915.7679999999992,1546.5240000000006,48374.284,2022,3,28,1.0,0.0,,0.0,
301,2022-03-29 09:00:00,47122.21,48096.47,46950.85,47434.8,36772.28457,1748600385.4502351,1095678,18192.3742,865179145.1756456,BTCUSDT,687.3720000000015,915.7679999999992,48037.977999999996,2022,3,29,0.9952544214079952,48037.977999999996,2022-03-29 03:52:00,47810.01,2022-03-29 23:50:00
302,2022-03-30 09:00:00,47434.79,47700.22,46445.42,47067.99,40947.2085,1932152559.8831122,1081607,20896.43399,985946938.5682786,BTCUSDT,752.8800000000017,687.3720000000015,48122.162000000004,2022,3,30,1.0,0.0,,0.0,
303,2022-03-31 09:00:00,47067.99,47600.0,45200.0,45510.34,48645.12667,2262485160.568584,1290541,22879.47328,1064278670.6426109,BTCUSDT,1440.0,752.8800000000017,47820.87,2022,3,31,1.0,0.0,,0.0,
304,2022-04-01 09:00:00,45510.35,46720.09,44200.0,46283.49,56271.06474,2556532890.870311,1372216,28041.37621,1274359931.8405368,BTCUSDT,1512.0539999999978,1440.0,46950.35,2022,4,1,,,,,
305,2022-04-02 09:00:00,46283.49,47213.0,46081.93,46745.0,6771.95044,316007448.1682725,142361,3742.02103,174598687.749072,BTCUSDT,678.6419999999998,1512.0539999999978,47795.543999999994,2022,4,2,1.0,0.0,,0.0,
